Workbook

Sheet Demanda_Ponta
B2: TABELA DE DADOS PARA SIMULAÇÃO DE DEMANDA DE PONTA
B3: Unidade Consumidora: MTE0012654 | Subgrupo A4 / Azul | Histórico Anual de Faturamento Real | G3: Período: | H3: =B7 -> out | I3: 2025 | J3: até | K3: set | L3: 2026 | N3: Ponta = | O3: 338
G5: TABELA DA DEMANDA DE PONTA
B6: Mês | C6: Dem. Contr. Ponta (kW) | D6: Dem. Contr. Ponta + 5 % | E6: Dem. Medida Ponta (kW) | F6: Dem. Ponta p/ gráfico | G6: Tarifa Dem. Ponta (R$/kW) | H6: Total Dem. Ponta (R$) | I6: Dem. Ponta Ultrap. (kw) | J6: Tarifa Dem. Ponta Ultrap. (kw/R$) | K6: Total Dem. Ponta Ultrap. (R$) | L6: Dem. S/ ICMS P. (kW) | M6: Tar. S/ ICMS P. (R$/kW) | N6: Total S/ ICMS P. (R$) | O6: Total Demanda Ponta (R$)
B7: out | C7: =Simul_Ponta!$B$13 -> 338 | D7: =C7*1.05 -> 354.9 | E7: 257.88 | F7: =IF(E7>D7,C7,E7) -> 257.88 | G7: 37.9962 | H7: =E7*G7 -> 9798.4601 | I7: =IF(E7>D7,E7-C7,0) -> 0 | J7: =G7*2 -> 75.9924 | K7: =I7*J7 -> 0 | L7: =IF(E7>C7,0,C7-E7) -> 80.12 | M7: =G7-(G7*18%) -> 31.156884 | N7: =L7*M7 -> 2496.2895 | O7: =H7+K7+N7 -> 12294.75
B8: nov | C8: =Simul_Ponta!$B$13 -> 338 | D8: =C8*1.05 -> 354.9 | E8: 265.44 | F8: =IF(E8>D8,C8,E8) -> 265.44 | G8: 37.98405 | H8: =E8*G8 -> 10082.486 | I8: =IF(E8>D8,E8-C8,0) -> 0 | J8: =G8*2 -> 75.9681 | K8: =I8*J8 -> 0 | L8: =IF(E8>C8,0,C8-E8) -> 72.56 | M8: =G8-(G8*18%) -> 31.146921 | N8: =L8*M8 -> 2260.0206 | O8: =H8+K8+N8 -> 12342.507
B9: dez | C9: =Simul_Ponta!$B$13 -> 338 | D9: =C9*1.05 -> 354.9 | E9: 258.72 | F9: =IF(E9>D9,C9,E9) -> 258.72 | G9: 37.95578 | H9: =E9*G9 -> 9819.9194 | I9: =IF(E9>D9,E9-C9,0) -> 0 | J9: =G9*2 -> 75.91156 | K9: =I9*J9 -> 0 | L9: =IF(E9>C9,0,C9-E9) -> 79.28 | M9: =G9-(G9*18%) -> 31.12374 | N9: =L9*M9 -> 2467.4901 | O9: =H9+K9+N9 -> 12287.409
B10: jan | C10: =Simul_Ponta!$B$13 -> 338 | D10: =C10*1.05 -> 354.9 | E10: 301.56 | F10: =IF(E10>D10,C10,E10) -> 301.56 | G10: 37.57269 | H10: =E10*G10 -> 11330.42 | I10: =IF(E10>D10,E10-C10,0) -> 0 | J10: =G10*2 -> 75.14538 | K10: =I10*J10 -> 0 | L10: =IF(E10>C10,0,C10-E10) -> 36.44 | M10: =G10-(G10*18%) -> 30.809606 | N10: =L10*M10 -> 1122.702 | O10: =H10+K10+N10 -> 12453.122
B11: fev | C11: =Simul_Ponta!$B$13 -> 338 | D11: =C11*1.05 -> 354.9 | E11: 283.92 | F11: =IF(E11>D11,C11,E11) -> 283.92 | G11: 38.03663 | H11: =E11*G11 -> 10799.36 | I11: =IF(E11>D11,E11-C11,0) -> 0 | J11: =G11*2 -> 76.07326 | K11: =I11*J11 -> 0 | L11: =IF(E11>C11,0,C11-E11) -> 54.08 | M11: =G11-(G11*18%) -> 31.190037 | N11: =L11*M11 -> 1686.7572 | O11: =H11+K11+N11 -> 12486.117
B12: mar | C12: =Simul_Ponta!$B$13 -> 338 | D12: =C12*1.05 -> 354.9 | E12: 298.2 | F12: =IF(E12>D12,C12,E12) -> 298.2 | G12: 37.59636 | H12: =E12*G12 -> 11211.235 | I12: =IF(E12>D12,E12-C12,0) -> 0 | J12: =G12*2 -> 75.19272 | K12: =I12*J12 -> 0 | L12: =IF(E12>C12,0,C12-E12) -> 39.8 | M12: =G12-(G12*18%) -> 30.829015 | N12: =L12*M12 -> 1226.9948 | O12: =H12+K12+N12 -> 12438.229
B13: abr | C13: =Simul_Ponta!$B$13 -> 338 | D13: =C13*1.05 -> 354.9 | E13: 255.36 | F13: =IF(E13>D13,C13,E13) -> 255.36 | G13: 37.56479 | H13: =E13*G13 -> 9592.5448 | I13: =IF(E13>D13,E13-C13,0) -> 0 | J13: =G13*2 -> 75.12958 | K13: =I13*J13 -> 0 | L13: =IF(E13>C13,0,C13-E13) -> 82.64 | M13: =G13-(G13*18%) -> 30.803128 | N13: =L13*M13 -> 2545.5705 | O13: =H13+K13+N13 -> 12138.115
B14: mai | C14: =Simul_Ponta!$B$13 -> 338 | D14: =C14*1.05 -> 354.9 | E14: 254.52 | F14: =IF(E14>D14,C14,E14) -> 254.52 | G14: 38.13402 | H14: =E14*G14 -> 9705.8708 | I14: =IF(E14>D14,E14-C14,0) -> 0 | J14: =G14*2 -> 76.26804 | K14: =I14*J14 -> 0 | L14: =IF(E14>C14,0,C14-E14) -> 83.48 | M14: =G14-(G14*18%) -> 31.269896 | N14: =L14*M14 -> 2610.411 | O14: =H14+K14+N14 -> 12316.282
B15: jun | C15: =Simul_Ponta!$B$13 -> 338 | D15: =C15*1.05 -> 354.9 | E15: 213.36 | F15: =IF(E15>D15,C15,E15) -> 213.36 | G15: 37.3605 | H15: =E15*G15 -> 7971.2363 | I15: =IF(E15>D15,E15-C15,0) -> 0 | J15: =G15*2 -> 74.721 | K15: =I15*J15 -> 0 | L15: =IF(E15>C15,0,C15-E15) -> 124.64 | M15: =G15-(G15*18%) -> 30.63561 | N15: =L15*M15 -> 3818.4224 | O15: =H15+K15+N15 -> 11789.659
B16: jul | C16: =Simul_Ponta!$B$13 -> 338 | D16: =C16*1.05 -> 354.9 | E16: 228.48 | F16: =IF(E16>D16,C16,E16) -> 228.48 | G16: 40.51689 | H16: =E16*G16 -> 9257.299 | I16: =IF(E16>D16,E16-C16,0) -> 0 | J16: =G16*2 -> 81.03378 | K16: =I16*J16 -> 0 | L16: =IF(E16>C16,0,C16-E16) -> 109.52 | M16: =G16-(G16*18%) -> 33.22385 | N16: =L16*M16 -> 3638.676 | O16: =H16+K16+N16 -> 12895.975
B17: ago | C17: =Simul_Ponta!$B$13 -> 338 | D17: =C17*1.05 -> 354.9 | E17: 252 | F17: =IF(E17>D17,C17,E17) -> 252 | G17: 20.45393 | H17: =E17*G17 -> 5154.3904 | I17: =IF(E17>D17,E17-C17,0) -> 0 | J17: =G17*2 -> 40.90786 | K17: =I17*J17 -> 0 | L17: =IF(E17>C17,0,C17-E17) -> 86 | M17: =G17-(G17*18%) -> 16.772223 | N17: =L17*M17 -> 1442.4111 | O17: =H17+K17+N17 -> 6596.8015
B18: set | C18: =Simul_Ponta!$B$13 -> 338 | D18: =C18*1.05 -> 354.9 | E18: 247.8 | F18: =IF(E18>D18,C18,E18) -> 247.8 | G18: 20.49077 | H18: =E18*G18 -> 5077.6128 | I18: =IF(E18>D18,E18-C18,0) -> 0 | J18: =G18*2 -> 40.98154 | K18: =I18*J18 -> 0 | L18: =IF(E18>C18,0,C18-E18) -> 90.2 | M18: =G18-(G18*18%) -> 16.802431 | N18: =L18*M18 -> 1515.5793 | O18: =H18+K18+N18 -> 6593.1921
N19: Total Geral | O19: =SUM(O7:O18) -> 136632.16
F21: TABELA SIMULADA DA DEMANDA DE PONTA
B22: Mês | C22: Dem. Contr. Ponta (kW) | D22: Dem. Contr. Ponta + 5 % | E22: Dem. Medida Ponta (kW) | F22: Dem. Ponta p/ gráfico | G22: Tarifa Dem. Ponta (R$/kW) | H22: Total Dem. Ponta (R$) | I22: Dem. Ponta Ultrap. (kw) | J22: Tarifa Dem. Ponta Ultrap. (kw/R$) | K22: Total Dem. Ponta Ultrap. (R$) | L22: Dem. S/ ICMS P. (kW) | M22: Tar. S/ ICMS P. (R$/kW) | N22: Total S/ ICMS P. (R$) | O22: Total Demanda Ponta (R$)
B23: =B7 -> out | C23: =Simul_Ponta!$B$28 -> 290 | D23: =C23*1.05 -> 304.5 | E23: =E7 -> 257.88 | F23: =IF(E23>D23,C23,E23) -> 257.88 | G23: =G7 -> 37.9962 | H23: =E23*G23 -> 9798.4601 | I23: =IF(E23>D23,E23-C23,0) -> 0 | J23: =G23*2 -> 75.9924 | K23: =I23*J23 -> 0 | L23: =IF(E23>C23,0,C23-E23) -> 32.12 | M23: =G23-(G23*18%) -> 31.156884 | N23: =L23*M23 -> 1000.7591 | O23: =H23+K23+N23 -> 10799.219
B24: =B8 -> nov | C24: =Simul_Ponta!$B$28 -> 290 | D24: =C24*1.05 -> 304.5 | E24: =E8 -> 265.44 | F24: =IF(E24>D24,C24,E24) -> 265.44 | G24: =G8 -> 37.98405 | H24: =E24*G24 -> 10082.486 | I24: =IF(E24>D24,E24-C24,0) -> 0 | J24: =G24*2 -> 75.9681 | K24: =I24*J24 -> 0 | L24: =IF(E24>C24,0,C24-E24) -> 24.56 | M24: =G24-(G24*18%) -> 31.146921 | N24: =L24*M24 -> 764.96838 | O24: =H24+K24+N24 -> 10847.455
B25: =B9 -> dez | C25: =Simul_Ponta!$B$28 -> 290 | D25: =C25*1.05 -> 304.5 | E25: =E9 -> 258.72 | F25: =IF(E25>D25,C25,E25) -> 258.72 | G25: =G9 -> 37.95578 | H25: =E25*G25 -> 9819.9194 | I25: =IF(E25>D25,E25-C25,0) -> 0 | J25: =G25*2 -> 75.91156 | K25: =I25*J25 -> 0 | L25: =IF(E25>C25,0,C25-E25) -> 31.28 | M25: =G25-(G25*18%) -> 31.12374 | N25: =L25*M25 -> 973.55057 | O25: =H25+K25+N25 -> 10793.47
B26: =B10 -> jan | C26: =Simul_Ponta!$B$28 -> 290 | D26: =C26*1.05 -> 304.5 | E26: =E10 -> 301.56 | F26: =IF(E26>D26,C26,E26) -> 301.56 | G26: =G10 -> 37.57269 | H26: =E26*G26 -> 11330.42 | I26: =IF(E26>D26,E26-C26,0) -> 0 | J26: =G26*2 -> 75.14538 | K26: =I26*J26 -> 0 | L26: =IF(E26>C26,0,C26-E26) -> 0 | M26: =G26-(G26*18%) -> 30.809606 | N26: =L26*M26 -> 0 | O26: =H26+K26+N26 -> 11330.42
B27: =B11 -> fev | C27: =Simul_Ponta!$B$28 -> 290 | D27: =C27*1.05 -> 304.5 | E27: =E11 -> 283.92 | F27: =IF(E27>D27,C27,E27) -> 283.92 | G27: =G11 -> 38.03663 | H27: =E27*G27 -> 10799.36 | I27: =IF(E27>D27,E27-C27,0) -> 0 | J27: =G27*2 -> 76.07326 | K27: =I27*J27 -> 0 | L27: =IF(E27>C27,0,C27-E27) -> 6.08 | M27: =G27-(G27*18%) -> 31.190037 | N27: =L27*M27 -> 189.63542 | O27: =H27+K27+N27 -> 10988.995
B28: =B12 -> mar | C28: =Simul_Ponta!$B$28 -> 290 | D28: =C28*1.05 -> 304.5 | E28: =E12 -> 298.2 | F28: =IF(E28>D28,C28,E28) -> 298.2 | G28: =G12 -> 37.59636 | H28: =E28*G28 -> 11211.235 | I28: =IF(E28>D28,E28-C28,0) -> 0 | J28: =G28*2 -> 75.19272 | K28: =I28*J28 -> 0 | L28: =IF(E28>C28,0,C28-E28) -> 0 | M28: =G28-(G28*18%) -> 30.829015 | N28: =L28*M28 -> 0 | O28: =H28+K28+N28 -> 11211.235
B29: =B13 -> abr | C29: =Simul_Ponta!$B$28 -> 290 | D29: =C29*1.05 -> 304.5 | E29: =E13 -> 255.36 | F29: =IF(E29>D29,C29,E29) -> 255.36 | G29: =G13 -> 37.56479 | H29: =E29*G29 -> 9592.5448 | I29: =IF(E29>D29,E29-C29,0) -> 0 | J29: =G29*2 -> 75.12958 | K29: =I29*J29 -> 0 | L29: =IF(E29>C29,0,C29-E29) -> 34.64 | M29: =G29-(G29*18%) -> 30.803128 | N29: =L29*M29 -> 1067.0203 | O29: =H29+K29+N29 -> 10659.565
B30: =B14 -> mai | C30: =Simul_Ponta!$B$28 -> 290 | D30: =C30*1.05 -> 304.5 | E30: =E14 -> 254.52 | F30: =IF(E30>D30,C30,E30) -> 254.52 | G30: =G14 -> 38.13402 | H30: =E30*G30 -> 9705.8708 | I30: =IF(E30>D30,E30-C30,0) -> 0 | J30: =G30*2 -> 76.26804 | K30: =I30*J30 -> 0 | L30: =IF(E30>C30,0,C30-E30) -> 35.48 | M30: =G30-(G30*18%) -> 31.269896 | N30: =L30*M30 -> 1109.4559 | O30: =H30+K30+N30 -> 10815.327
B31: =B15 -> jun | C31: =Simul_Ponta!$B$28 -> 290 | D31: =C31*1.05 -> 304.5 | E31: =E15 -> 213.36 | F31: =IF(E31>D31,C31,E31) -> 213.36 | G31: =G15 -> 37.3605 | H31: =E31*G31 -> 7971.2363 | I31: =IF(E31>D31,E31-C31,0) -> 0 | J31: =G31*2 -> 74.721 | K31: =I31*J31 -> 0 | L31: =IF(E31>C31,0,C31-E31) -> 76.64 | M31: =G31-(G31*18%) -> 30.63561 | N31: =L31*M31 -> 2347.9132 | O31: =H31+K31+N31 -> 10319.149
B32: =B16 -> jul | C32: =Simul_Ponta!$B$28 -> 290 | D32: =C32*1.05 -> 304.5 | E32: =E16 -> 228.48 | F32: =IF(E32>D32,C32,E32) -> 228.48 | G32: =G16 -> 40.51689 | H32: =E32*G32 -> 9257.299 | I32: =IF(E32>D32,E32-C32,0) -> 0 | J32: =G32*2 -> 81.03378 | K32: =I32*J32 -> 0 | L32: =IF(E32>C32,0,C32-E32) -> 61.52 | M32: =G32-(G32*18%) -> 33.22385 | N32: =L32*M32 -> 2043.9312 | O32: =H32+K32+N32 -> 11301.23
B33: =B17 -> ago | C33: =Simul_Ponta!$B$28 -> 290 | D33: =C33*1.05 -> 304.5 | E33: =E17 -> 252 | F33: =IF(E33>D33,C33,E33) -> 252 | G33: =G17 -> 20.45393 | H33: =E33*G33 -> 5154.3904 | I33: =IF(E33>D33,E33-C33,0) -> 0 | J33: =G33*2 -> 40.90786 | K33: =I33*J33 -> 0 | L33: =IF(E33>C33,0,C33-E33) -> 38 | M33: =G33-(G33*18%) -> 16.772223 | N33: =L33*M33 -> 637.34446 | O33: =H33+K33+N33 -> 5791.7348
B34: =B18 -> set | C34: =Simul_Ponta!$B$28 -> 290 | D34: =C34*1.05 -> 304.5 | E34: =E18 -> 247.8 | F34: =IF(E34>D34,C34,E34) -> 247.8 | G34: =G18 -> 20.49077 | H34: =E34*G34 -> 5077.6128 | I34: =IF(E34>D34,E34-C34,0) -> 0 | J34: =G34*2 -> 40.98154 | K34: =I34*J34 -> 0 | L34: =IF(E34>C34,0,C34-E34) -> 42.2 | M34: =G34-(G34*18%) -> 16.802431 | N34: =L34*M34 -> 709.06261 | O34: =H34+K34+N34 -> 5786.6754
N35: Total Geral | O35: =SUM(O23:O34) -> 120644.48

Sheet Simul_Ponta
B1: TABELA DE SIMULAÇÃO DE VALORES DE DEMANDA NA PONTA
B3: PERÍODO ANALISADO
B6: =Demanda_Ponta!H3 -> out | C6: =Demanda_Ponta!I3 -> 2025 | D6: até | E6: =Demanda_Ponta!K3 -> set | F6: =Demanda_Ponta!L3 -> 2026
B10: DEMANDA DE PONTA CONTRATADA
B13: =Demanda_Ponta!O3 -> 338
B17: CUSTO NO PERÍODO 12 MESES
B20: =Demanda_Ponta!O19 -> 136632.16
B25: DEMANDA DE PONTA SIMULADA Ajuste o valor aqui
B28: 290
B32: CUSTO NO PERÍODO 12 MESES
B35: =Demanda_Ponta!O35 -> 120644.48
B39: VALOR DA ECONOMIA
B42: =B20-B35 -> 15987.683

Sheet Demanda_F_Ponta
B2: TABELA DE DADOS PARA SIMULAÇÃO DE DEMANDA FORA DE PONTA
B3: Unidade Consumidora: MTE0012654 | Subgrupo A4 / Azul | Histórico Anual de Faturamento Real | G3: Período: | H3: =Demanda_Ponta!H3 -> out | I3: =Demanda_Ponta!I3 -> 2025 | J3: até | K3: =Demanda_Ponta!K3 -> set | L3: =Demanda_Ponta!L3 -> 2026 | N3: FP = | O3: 372
G5: TABELA DA DEMANDA FORA DE PONTA
B6: Mês | C6: Dem. Contr. Ponta (kW) | D6: Dem. Contr. Ponta + 5 % | E6: Dem. Medida Ponta (kW) | F6: Dem. Ponta p/ gráfico | G6: Tarifa Dem. Ponta (R$/kW) | H6: Total Dem. Ponta (R$) | I6: Dem. Ponta Ultrap. (kw) | J6: Tarifa Dem. Ponta Ultrap. (kw/R$) | K6: Total Dem. Ponta Ultrap. (R$) | L6: Dem. S/ ICMS P. (kW) | M6: Tar. S/ ICMS P. (R$/kW) | N6: Total S/ ICMS P. (R$) | O6: Total Demanda Ponta (R$)
B7: =Demanda_Ponta!B7 -> out | C7: =Simul_F_Ponta!$B$13 -> 372 | D7: =C7*1.05 -> 390.6 | E7: 323.4 | F7: =IF(E7>D7,C7,E7) -> 323.4 | G7: 22.09743 | H7: =E7*G7 -> 7146.3089 | I7: =IF(E7>D7,E7-C7,0) -> 0 | J7: =G7*3 -> 66.29229 | K7: =I7*J7 -> 0 | L7: =IF(E7>C7,0,C7-E7) -> 48.6 | M7: =G7-(G7*18%) -> 18.119893 | N7: =L7*M7 -> 880.62678 | O7: =H7+K7+N7 -> 8026.9356
B8: =Demanda_Ponta!B8 -> nov | C8: =Simul_F_Ponta!$B$13 -> 372 | D8: =C8*1.05 -> 390.6 | E8: 330.12 | F8: =IF(E8>D8,C8,E8) -> 330.12 | G8: 22.09035 | H8: =E8*G8 -> 7292.4663 | I8: =IF(E8>D8,E8-C8,0) -> 0 | J8: =G8*3 -> 66.27105 | K8: =I8*J8 -> 0 | L8: =IF(E8>C8,0,C8-E8) -> 41.88 | M8: =G8-(G8*18%) -> 18.114087 | N8: =L8*M8 -> 758.61796 | O8: =H8+K8+N8 -> 8051.0843
B9: =Demanda_Ponta!B9 -> dez | C9: =Simul_F_Ponta!$B$13 -> 372 | D9: =C9*1.05 -> 390.6 | E9: 312.48 | F9: =IF(E9>D9,C9,E9) -> 312.48 | G9: 22.07396 | H9: =E9*G9 -> 6897.671 | I9: =IF(E9>D9,E9-C9,0) -> 0 | J9: =G9*3 -> 66.22188 | K9: =I9*J9 -> 0 | L9: =IF(E9>C9,0,C9-E9) -> 59.52 | M9: =G9-(G9*18%) -> 18.100647 | N9: =L9*M9 -> 1077.3505 | O9: =H9+K9+N9 -> 7975.0215
B10: =Demanda_Ponta!B10 -> jan | C10: =Simul_F_Ponta!$B$13 -> 372 | D10: =C10*1.05 -> 390.6 | E10: 355.32 | F10: =IF(E10>D10,C10,E10) -> 355.32 | G10: 21.85115 | H10: =E10*G10 -> 7764.1506 | I10: =IF(E10>D10,E10-C10,0) -> 0 | J10: =G10*3 -> 65.55345 | K10: =I10*J10 -> 0 | L10: =IF(E10>C10,0,C10-E10) -> 16.68 | M10: =G10-(G10*18%) -> 17.917943 | N10: =L10*M10 -> 298.87129 | O10: =H10+K10+N10 -> 8063.0219
B11: =Demanda_Ponta!B11 -> fev | C11: =Simul_F_Ponta!$B$13 -> 372 | D11: =C11*1.05 -> 390.6 | E11: 319.2 | F11: =IF(E11>D11,C11,E11) -> 319.2 | G11: 22.12094 | H11: =E11*G11 -> 7061.004 | I11: =IF(E11>D11,E11-C11,0) -> 0 | J11: =G11*3 -> 66.36282 | K11: =I11*J11 -> 0 | L11: =IF(E11>C11,0,C11-E11) -> 52.8 | M11: =G11-(G11*18%) -> 18.139171 | N11: =L11*M11 -> 957.74822 | O11: =H11+K11+N11 -> 8018.7523
B12: =Demanda_Ponta!B12 -> mar | C12: =Simul_F_Ponta!$B$13 -> 372 | D12: =C12*1.05 -> 390.6 | E12: 335.16 | F12: =IF(E12>D12,C12,E12) -> 335.16 | G12: 21.86489 | H12: =E12*G12 -> 7328.2365 | I12: =IF(E12>D12,E12-C12,0) -> 0 | J12: =G12*3 -> 65.59467 | K12: =I12*J12 -> 0 | L12: =IF(E12>C12,0,C12-E12) -> 36.84 | M12: =G12-(G12*18%) -> 17.92921 | N12: =L12*M12 -> 660.51209 | O12: =H12+K12+N12 -> 7988.7486
B13: =Demanda_Ponta!B13 -> abr | C13: =Simul_F_Ponta!$B$13 -> 372 | D13: =C13*1.05 -> 390.6 | E13: 305.76 | F13: =IF(E13>D13,C13,E13) -> 305.76 | G13: 21.84651 | H13: =E13*G13 -> 6679.7889 | I13: =IF(E13>D13,E13-C13,0) -> 0 | J13: =G13*3 -> 65.53953 | K13: =I13*J13 -> 0 | L13: =IF(E13>C13,0,C13-E13) -> 66.24 | M13: =G13-(G13*18%) -> 17.914138 | N13: =L13*M13 -> 1186.6325 | O13: =H13+K13+N13 -> 7866.4214
B14: =Demanda_Ponta!B14 -> mai | C14: =Simul_F_Ponta!$B$13 -> 372 | D14: =C14*1.05 -> 390.6 | E14: 313.32 | F14: =IF(E14>D14,C14,E14) -> 313.32 | G14: 22.17761 | H14: =E14*G14 -> 6948.6888 | I14: =IF(E14>D14,E14-C14,0) -> 0 | J14: =G14*3 -> 66.53283 | K14: =I14*J14 -> 0 | L14: =IF(E14>C14,0,C14-E14) -> 58.68 | M14: =G14-(G14*18%) -> 18.18564 | N14: =L14*M14 -> 1067.1334 | O14: =H14+K14+N14 -> 8015.8221
B15: =Demanda_Ponta!B15 -> jun | C15: =Simul_F_Ponta!$B$13 -> 372 | D15: =C15*1.05 -> 390.6 | E15: 272.16 | F15: =IF(E15>D15,C15,E15) -> 272.16 | G15: 21.72774 | H15: =E15*G15 -> 5913.4217 | I15: =IF(E15>D15,E15-C15,0) -> 0 | J15: =G15*3 -> 65.18322 | K15: =I15*J15 -> 0 | L15: =IF(E15>C15,0,C15-E15) -> 99.84 | M15: =G15-(G15*18%) -> 17.816747 | N15: =L15*M15 -> 1778.824 | O15: =H15+K15+N15 -> 7692.2457
B16: =Demanda_Ponta!B16 -> jul | C16: =Simul_F_Ponta!$B$13 -> 372 | D16: =C16*1.05 -> 390.6 | E16: 274.68 | F16: =IF(E16>D16,C16,E16) -> 274.68 | G16: 24.23136 | H16: =E16*G16 -> 6655.87 | I16: =IF(E16>D16,E16-C16,0) -> 0 | J16: =G16*3 -> 72.69408 | K16: =I16*J16 -> 0 | L16: =IF(E16>C16,0,C16-E16) -> 97.32 | M16: =G16-(G16*18%) -> 19.869715 | N16: =L16*M16 -> 1933.7207 | O16: =H16+K16+N16 -> 8589.5906
B17: =Demanda_Ponta!B17 -> ago | C17: =Simul_F_Ponta!$B$13 -> 372 | D17: =C17*1.05 -> 390.6 | E17: 304.08 | F17: =IF(E17>D17,C17,E17) -> 304.08 | G17: 12.26589 | H17: =E17*G17 -> 3729.8118 | I17: =IF(E17>D17,E17-C17,0) -> 0 | J17: =G17*3 -> 36.79767 | K17: =I17*J17 -> 0 | L17: =IF(E17>C17,0,C17-E17) -> 67.92 | M17: =G17-(G17*18%) -> 10.05803 | N17: =L17*M17 -> 683.14138 | O17: =H17+K17+N17 -> 4412.9532
B18: =Demanda_Ponta!B18 -> set | C18: =Simul_F_Ponta!$B$13 -> 372 | D18: =C18*1.05 -> 390.6 | E18: 306.6 | F18: =IF(E18>D18,C18,E18) -> 306.6 | G18: 12.28793 | H18: =E18*G18 -> 3767.4793 | I18: =IF(E18>D18,E18-C18,0) -> 0 | J18: =G18*3 -> 36.86379 | K18: =I18*J18 -> 0 | L18: =IF(E18>C18,0,C18-E18) -> 65.4 | M18: =G18-(G18*18%) -> 10.076103 | N18: =L18*M18 -> 658.97711 | O18: =H18+K18+N18 -> 4426.4564
N19: Total Geral | O19: =SUM(O7:O18) -> 89127.054
F21: TABELA SIMULADA DA DEMANDA FORA DE PONTA
B22: Mês | C22: Dem. Contr. Ponta (kW) | D22: Dem. Contr. Ponta + 5 % | E22: Dem. Medida Ponta (kW) | F22: Dem. Ponta p/ gráfico | G22: Tarifa Dem. Ponta (R$/kW) | H22: Total Dem. Ponta (R$) | I22: Dem. Ponta Ultrap. (kw) | J22: Tarifa Dem. Ponta Ultrap. (kw/R$) | K22: Total Dem. Ponta Ultrap. (R$) | L22: Dem. S/ ICMS P. (kW) | M22: Tar. S/ ICMS P. (R$/kW) | N22: Total S/ ICMS P. (R$) | O22: Total Demanda Ponta (R$)
B23: =B7 -> out | C23: =Simul_F_Ponta!$B$28 -> 345 | D23: =C23*1.05 -> 362.25 | E23: =E7 -> 323.4 | F23: =IF(E23>D23,C23,E23) -> 323.4 | G23: =G7 -> 22.09743 | H23: =E23*G23 -> 7146.3089 | I23: =IF(E23>D23,E23-C23,0) -> 0 | J23: =G23*2 -> 44.19486 | K23: =I23*J23 -> 0 | L23: =IF(E23>C23,0,C23-E23) -> 21.6 | M23: =G23-(G23*18%) -> 18.119893 | N23: =L23*M23 -> 391.38968 | O23: =H23+K23+N23 -> 7537.6985
B24: =B8 -> nov | C24: =Simul_F_Ponta!$B$28 -> 345 | D24: =C24*1.05 -> 362.25 | E24: =E8 -> 330.12 | F24: =IF(E24>D24,C24,E24) -> 330.12 | G24: =G8 -> 22.09035 | H24: =E24*G24 -> 7292.4663 | I24: =IF(E24>D24,E24-C24,0) -> 0 | J24: =G24*2 -> 44.1807 | K24: =I24*J24 -> 0 | L24: =IF(E24>C24,0,C24-E24) -> 14.88 | M24: =G24-(G24*18%) -> 18.114087 | N24: =L24*M24 -> 269.53761 | O24: =H24+K24+N24 -> 7562.004
B25: =B9 -> dez | C25: =Simul_F_Ponta!$B$28 -> 345 | D25: =C25*1.05 -> 362.25 | E25: =E9 -> 312.48 | F25: =IF(E25>D25,C25,E25) -> 312.48 | G25: =G9 -> 22.07396 | H25: =E25*G25 -> 6897.671 | I25: =IF(E25>D25,E25-C25,0) -> 0 | J25: =G25*2 -> 44.14792 | K25: =I25*J25 -> 0 | L25: =IF(E25>C25,0,C25-E25) -> 32.52 | M25: =G25-(G25*18%) -> 18.100647 | N25: =L25*M25 -> 588.63305 | O25: =H25+K25+N25 -> 7486.3041
B26: =B10 -> jan | C26: =Simul_F_Ponta!$B$28 -> 345 | D26: =C26*1.05 -> 362.25 | E26: =E10 -> 355.32 | F26: =IF(E26>D26,C26,E26) -> 355.32 | G26: =G10 -> 21.85115 | H26: =E26*G26 -> 7764.1506 | I26: =IF(E26>D26,E26-C26,0) -> 0 | J26: =G26*2 -> 43.7023 | K26: =I26*J26 -> 0 | L26: =IF(E26>C26,0,C26-E26) -> 0 | M26: =G26-(G26*18%) -> 17.917943 | N26: =L26*M26 -> 0 | O26: =H26+K26+N26 -> 7764.1506
B27: =B11 -> fev | C27: =Simul_F_Ponta!$B$28 -> 345 | D27: =C27*1.05 -> 362.25 | E27: =E11 -> 319.2 | F27: =IF(E27>D27,C27,E27) -> 319.2 | G27: =G11 -> 22.12094 | H27: =E27*G27 -> 7061.004 | I27: =IF(E27>D27,E27-C27,0) -> 0 | J27: =G27*2 -> 44.24188 | K27: =I27*J27 -> 0 | L27: =IF(E27>C27,0,C27-E27) -> 25.8 | M27: =G27-(G27*18%) -> 18.139171 | N27: =L27*M27 -> 467.99061 | O27: =H27+K27+N27 -> 7528.9947
B28: =B12 -> mar | C28: =Simul_F_Ponta!$B$28 -> 345 | D28: =C28*1.05 -> 362.25 | E28: =E12 -> 335.16 | F28: =IF(E28>D28,C28,E28) -> 335.16 | G28: =G12 -> 21.86489 | H28: =E28*G28 -> 7328.2365 | I28: =IF(E28>D28,E28-C28,0) -> 0 | J28: =G28*2 -> 43.72978 | K28: =I28*J28 -> 0 | L28: =IF(E28>C28,0,C28-E28) -> 9.84 | M28: =G28-(G28*18%) -> 17.92921 | N28: =L28*M28 -> 176.42342 | O28: =H28+K28+N28 -> 7504.66
B29: =B13 -> abr | C29: =Simul_F_Ponta!$B$28 -> 345 | D29: =C29*1.05 -> 362.25 | E29: =E13 -> 305.76 | F29: =IF(E29>D29,C29,E29) -> 305.76 | G29: =G13 -> 21.84651 | H29: =E29*G29 -> 6679.7889 | I29: =IF(E29>D29,E29-C29,0) -> 0 | J29: =G29*2 -> 43.69302 | K29: =I29*J29 -> 0 | L29: =IF(E29>C29,0,C29-E29) -> 39.24 | M29: =G29-(G29*18%) -> 17.914138 | N29: =L29*M29 -> 702.95078 | O29: =H29+K29+N29 -> 7382.7397
B30: =B14 -> mai | C30: =Simul_F_Ponta!$B$28 -> 345 | D30: =C30*1.05 -> 362.25 | E30: =E14 -> 313.32 | F30: =IF(E30>D30,C30,E30) -> 313.32 | G30: =G14 -> 22.17761 | H30: =E30*G30 -> 6948.6888 | I30: =IF(E30>D30,E30-C30,0) -> 0 | J30: =G30*2 -> 44.35522 | K30: =I30*J30 -> 0 | L30: =IF(E30>C30,0,C30-E30) -> 31.68 | M30: =G30-(G30*18%) -> 18.18564 | N30: =L30*M30 -> 576.12108 | O30: =H30+K30+N30 -> 7524.8098
B31: =B15 -> jun | C31: =Simul_F_Ponta!$B$28 -> 345 | D31: =C31*1.05 -> 362.25 | E31: =E15 -> 272.16 | F31: =IF(E31>D31,C31,E31) -> 272.16 | G31: =G15 -> 21.72774 | H31: =E31*G31 -> 5913.4217 | I31: =IF(E31>D31,E31-C31,0) -> 0 | J31: =G31*2 -> 43.45548 | K31: =I31*J31 -> 0 | L31: =IF(E31>C31,0,C31-E31) -> 72.84 | M31: =G31-(G31*18%) -> 17.816747 | N31: =L31*M31 -> 1297.7718 | O31: =H31+K31+N31 -> 7211.1936
B32: =B16 -> jul | C32: =Simul_F_Ponta!$B$28 -> 345 | D32: =C32*1.05 -> 362.25 | E32: =E16 -> 274.68 | F32: =IF(E32>D32,C32,E32) -> 274.68 | G32: =G16 -> 24.23136 | H32: =E32*G32 -> 6655.87 | I32: =IF(E32>D32,E32-C32,0) -> 0 | J32: =G32*2 -> 48.46272 | K32: =I32*J32 -> 0 | L32: =IF(E32>C32,0,C32-E32) -> 70.32 | M32: =G32-(G32*18%) -> 19.869715 | N32: =L32*M32 -> 1397.2384 | O32: =H32+K32+N32 -> 8053.1083
B33: =B17 -> ago | C33: =Simul_F_Ponta!$B$28 -> 345 | D33: =C33*1.05 -> 362.25 | E33: =E17 -> 304.08 | F33: =IF(E33>D33,C33,E33) -> 304.08 | G33: =G17 -> 12.26589 | H33: =E33*G33 -> 3729.8118 | I33: =IF(E33>D33,E33-C33,0) -> 0 | J33: =G33*2 -> 24.53178 | K33: =I33*J33 -> 0 | L33: =IF(E33>C33,0,C33-E33) -> 40.92 | M33: =G33-(G33*18%) -> 10.05803 | N33: =L33*M33 -> 411.57458 | O33: =H33+K33+N33 -> 4141.3864
B34: =B18 -> set | C34: =Simul_F_Ponta!$B$28 -> 345 | D34: =C34*1.05 -> 362.25 | E34: =E18 -> 306.6 | F34: =IF(E34>D34,C34,E34) -> 306.6 | G34: =G18 -> 12.28793 | H34: =E34*G34 -> 3767.4793 | I34: =IF(E34>D34,E34-C34,0) -> 0 | J34: =G34*2 -> 24.57586 | K34: =I34*J34 -> 0 | L34: =IF(E34>C34,0,C34-E34) -> 38.4 | M34: =G34-(G34*18%) -> 10.076103 | N34: =L34*M34 -> 386.92234 | O34: =H34+K34+N34 -> 4154.4017
N35: Total Geral | O35: =SUM(O23:O34) -> 83851.451

Sheet Simul_F_Ponta
B1: TABELA DE SIMULAÇÃO DE VALORES DE DEMANDA FORA DE PONTA
B3: PERÍODO ANALISADO
B6: =Demanda_F_Ponta!H3 -> out | C6: =Demanda_F_Ponta!I3 -> 2025 | D6: até | E6: =Demanda_F_Ponta!K3 -> set | F6: =Demanda_F_Ponta!L3 -> 2026
B10: DEMANDA DE PONTA CONTRATADA
B13: =Demanda_F_Ponta!O3 -> 372
B17: CUSTO NO PERÍODO 12 MESES
B20: =Demanda_F_Ponta!O19 -> 89127.054
B25: DEMANDA DE F. PONTA SIMULADA Ajuste o valor aqui
B28: 345
B32: CUSTO NO PERÍODO 12 MESES
B35: =Demanda_F_Ponta!O35 -> 83851.451
B39: VALOR DA ECONOMIA
B42: =B20-B35 -> 5275.6026

Sheet Dem_ Reativas e UFER
B2: TABELA DE REATIVO
B3: Unidade Consumidora: MTE0012654 Subgrupo A4 / Azul | M3: Período: | N3: =Demanda_Ponta!H3 -> out | O3: =Demanda_Ponta!I3 -> 2025 | P3: até | Q3: =Demanda_Ponta!K3 -> set | R3: =Demanda_Ponta!L3 -> 2026
B5: Mês | C5: Dem. Reat. Exced. Ponta Ind. | D5: Tarifa Dem. Reat. Exced. Ponta Ind. | E5: Total Dem. Reat. Exced. Ponta Ind. | F5: Dem. Reat. Exced. FP Ind. | G5: Tarifa Dem. Reat. Exced. FP Ind. | H5: Total Dem. Reat. Exced. FP Ind. | I5: Dem. Reat. Exced. FP Cap. | J5: Tarifa Dem. Reat. Exced. FP Cap. | K5: Total Dem. Reat. Exced. FP Cap. | L5: UFER Ponta TE (kW) | M5: Tarifa UFER Ponta (R$/kW) | N5: Total UFER Ponta (R$) | O5: UFER FP TE (kW) | P5: Tarifa UFER FP TE (R$/kW) | Q5: Total UFER FP TE (R$) | R5: Custo Total Reativos (R$)
B6: =Demanda_Ponta!B7 -> out | C6: 0 | D6: =Demanda_Ponta!G7 -> 37.9962 | E6: =C6*D6 -> 0 | F6: 0 | G6: =Demanda_F_Ponta!G7 -> 22.09743 | H6: =F6*G6 -> 0 | I6: 0 | J6: =G6 -> 22.09743 | K6: =I6*J6 -> 0 | L6: 0 | M6: 0 | N6: =L6*M6 -> 0 | O6: 0 | P6: 0 | Q6: =O6*P6 -> 0 | R6: =E6+H6+K6+N6+Q6 -> 0
B7: =Demanda_Ponta!B8 -> nov | C7: 0 | D7: =Demanda_Ponta!G8 -> 37.98405 | E7: =C7*D7 -> 0 | F7: 0 | G7: =Demanda_F_Ponta!G8 -> 22.09035 | H7: =F7*G7 -> 0 | I7: 0 | J7: =G7 -> 22.09035 | K7: =I7*J7 -> 0 | L7: 0 | M7: 0 | N7: =L7*M7 -> 0 | O7: 0 | P7: 0 | Q7: =O7*P7 -> 0 | R7: =E7+H7+K7+N7+Q7 -> 0
B8: =Demanda_Ponta!B9 -> dez | C8: 0 | D8: =Demanda_Ponta!G9 -> 37.95578 | E8: =C8*D8 -> 0 | F8: 0 | G8: =Demanda_F_Ponta!G9 -> 22.07396 | H8: =F8*G8 -> 0 | I8: 0 | J8: =G8 -> 22.07396 | K8: =I8*J8 -> 0 | L8: 16.8 | M8: 0.37798 | N8: =L8*M8 -> 6.350064 | O8: 631.05 | P8: 0.37919 | Q8: =O8*P8 -> 239.28785 | R8: =E8+H8+K8+N8+Q8 -> 245.63791
B9: =Demanda_Ponta!B10 -> jan | C9: 0 | D9: =Demanda_Ponta!G10 -> 37.57269 | E9: =C9*D9 -> 0 | F9: 0 | G9: =Demanda_F_Ponta!G10 -> 21.85115 | H9: =F9*G9 -> 0 | I9: 0 | J9: =G9 -> 21.85115 | K9: =I9*J9 -> 0 | L9: 8.82 | M9: 0.37302 | N9: =L9*M9 -> 3.2900364 | O9: 580.44 | P9: 0.37534 | Q9: =O9*P9 -> 217.86235 | R9: =E9+H9+K9+N9+Q9 -> 221.15239
B10: =Demanda_Ponta!B11 -> fev | C10: 0 | D10: =Demanda_Ponta!G11 -> 38.03663 | E10: =C10*D10 -> 0 | F10: 0 | G10: =Demanda_F_Ponta!G11 -> 22.12094 | H10: =F10*G10 -> 0 | I10: 0 | J10: =G10 -> 22.12094 | K10: =I10*J10 -> 0 | L10: 24.78 | M10: 0.37934 | N10: =L10*M10 -> 9.4000452 | O10: 759.78 | P10: 0.37999 | Q10: =O10*P10 -> 288.7088 | R10: =E10+H10+K10+N10+Q10 -> 298.10885
B11: =Demanda_Ponta!B12 -> mar | C11: 0 | D11: =Demanda_Ponta!G12 -> 37.59636 | E11: =C11*D11 -> 0 | F11: 0 | G11: =Demanda_F_Ponta!G12 -> 21.86489 | H11: =F11*G11 -> 0 | I11: 0 | J11: =G11 -> 21.86489 | K11: =I11*J11 -> 0 | L11: 11.76 | M11: 0.37415 | N11: =L11*M11 -> 4.400004 | O11: 496.86 | P11: 0.3756 | Q11: =O11*P11 -> 186.62062 | R11: =E11+H11+K11+N11+Q11 -> 191.02062
B12: =Demanda_Ponta!B13 -> abr | C12: 0 | D12: =Demanda_Ponta!G13 -> 37.56479 | E12: =C12*D12 -> 0 | F12: 0 | G12: =Demanda_F_Ponta!G13 -> 21.84651 | H12: =F12*G12 -> 0 | I12: 0 | J12: =G12 -> 21.84651 | K12: =I12*J12 -> 0 | L12: 19.11 | M12: 0.37415 | N12: =L12*M12 -> 7.1500065 | O12: 550.62 | P12: 0.37527 | Q12: =O12*P12 -> 206.63117 | R12: =E12+H12+K12+N12+Q12 -> 213.78117
B13: =Demanda_Ponta!B14 -> mai | C13: 0 | D13: =Demanda_Ponta!G14 -> 38.13402 | E13: =C13*D13 -> 0 | F13: 0 | G13: =Demanda_F_Ponta!G14 -> 22.17761 | H13: =F13*G13 -> 0 | I13: 0 | J13: =G13 -> 22.17761 | K13: =I13*J13 -> 0 | L13: 14.7 | M13: 0.37959 | N13: =L13*M13 -> 5.579973 | O13: 615.09 | P13: 0.38098 | Q13: =O13*P13 -> 234.33699 | R13: =E13+H13+K13+N13+Q13 -> 239.91696
B14: =Demanda_Ponta!B15 -> jun | C14: 0 | D14: =Demanda_Ponta!G15 -> 37.3605 | E14: =C14*D14 -> 0 | F14: 0 | G14: =Demanda_F_Ponta!G15 -> 21.72774 | H14: =F14*G14 -> 0 | I14: 0 | J14: =G14 -> 21.72774 | K14: =I14*J14 -> 0 | L14: 0 | M14: 0 | N14: =L14*M14 -> 0 | O14: 0.21 | P14: 0.33333 | Q14: =O14*P14 -> 0.0699993 | R14: =E14+H14+K14+N14+Q14 -> 0.0699993
B15: =Demanda_Ponta!B16 -> jul | C15: 0 | D15: =Demanda_Ponta!G16 -> 40.51689 | E15: =C15*D15 -> 0 | F15: 0 | G15: =Demanda_F_Ponta!G16 -> 24.23136 | H15: =F15*G15 -> 0 | I15: 0 | J15: =G15 -> 24.23136 | K15: =I15*J15 -> 0 | L15: 0 | M15: 0 | N15: =L15*M15 -> 0 | O15: 0 | P15: 0 | Q15: =O15*P15 -> 0 | R15: =E15+H15+K15+N15+Q15 -> 0
B16: =Demanda_Ponta!B17 -> ago | C16: 0 | D16: =Demanda_Ponta!G17 -> 20.45393 | E16: =C16*D16 -> 0 | F16: 0 | G16: =Demanda_F_Ponta!G17 -> 12.26589 | H16: =F16*G16 -> 0 | I16: 0 | J16: =G16 -> 12.26589 | K16: =I16*J16 -> 0 | L16: 0 | M16: 0 | N16: =L16*M16 -> 0 | O16: 4.41 | P16: 0.40363 | Q16: =O16*P16 -> 1.7800083 | R16: =E16+H16+K16+N16+Q16 -> 1.7800083
B17: =Demanda_Ponta!B18 -> set | C17: 0 | D17: =Demanda_Ponta!G18 -> 20.49077 | E17: =C17*D17 -> 0 | F17: 0 | G17: =Demanda_F_Ponta!G18 -> 12.28793 | H17: =F17*G17 -> 0 | I17: 0 | J17: =G17 -> 12.28793 | K17: =I17*J17 -> 0 | L17: 0 | M17: 0 | N17: =L17*M17 -> 0 | O17: 4.83 | P17: 0.4058 | Q17: =O17*P17 -> 1.960014 | R17: =E17+H17+K17+N17+Q17 -> 1.960014
E18: =SUM(E6:E17) -> 0 | H18: =SUM(H6:H17) -> 0 | K18: =SUM(K6:K17) -> 0 | L18: =SUM(L6:L17) -> 95.97 | M18: =SUM(M6:M17) -> 2.25823 | N18: =SUM(N6:N17) -> 36.170129 | Q18: =SUM(Q6:Q17) -> 1377.2578 | R18: =SUM(R6:R17) -> 1413.4279
